t,energy,enstrophy
1.030635535717010498e-01,7.549159973859786987e-02,2.445436000823974609e+00
2.037029415369033813e-01,6.810769438743591309e-02,1.633810520172119141e+00
3.009816706180572510e-01,6.242998316884040833e-02,1.254421949386596680e+00
4.025013148784637451e-01,5.739751085638999939e-02,1.009351849555969238e+00
5.041106939315795898e-01,5.300231277942657471e-02,8.400768041610717773e-01
6.010740995407104492e-01,4.926817864179611206e-02,7.196984887123107910e-01
7.020736932754516602e-01,4.576526209712028503e-02,6.218324303627014160e-01
8.024718165397644043e-01,4.261066392064094543e-02,5.437973737716674805e-01
9.020633101463317871e-01,3.975698724389076233e-02,4.801141917705535889e-01
1.000569462776184082e+00,3.716962411999702454e-02,4.272693693637847900e-01
1.103144884109497070e+00,3.469396010041236877e-02,3.805519044399261475e-01
1.204467177391052246e+00,3.244299069046974182e-02,3.410076797008514404e-01
1.304129719734191895e+00,3.039787523448467255e-02,3.072898685932159424e-01
1.401647448539733887e+00,2.854273468255996704e-02,2.783898413181304932e-01
1.503118634223937988e+00,2.675123326480388641e-02,2.519066929817199707e-01
1.602163314819335938e+00,2.512691542506217957e-02,2.290399968624114990e-01
1.705314159393310547e+00,2.355435863137245178e-02,2.078903019428253174e-01
1.805496335029602051e+00,2.213356085121631622e-02,1.895842254161834717e-01
1.902160406112670898e+00,2.085378021001815796e-02,1.737250387668609619e-01
2.002650737762451172e+00,1.961078681051731110e-02,1.588768362998962402e-01
2.107270479202270508e+00,1.840404793620109558e-02,1.449723988771438599e-01
2.207679510116577148e+00,1.732314378023147583e-02,1.329361349344253540e-01
2.303220987319946289e+00,1.635956577956676483e-02,1.225342899560928345e-01
2.402418613433837891e+00,1.542120985686779022e-02,1.126980707049369812e-01
2.505526781082153320e+00,1.450833585113286972e-02,1.034042388200759888e-01
2.602794170379638672e+00,1.370123028755187988e-02,9.541214257478713989e-02
2.703711509704589844e+00,1.291538029909133911e-02,8.783289045095443726e-02
2.808603048324584961e+00,1.215039379894733429e-02,8.064694702625274658e-02
2.906555891036987305e+00,1.148040592670440674e-02,7.450985163450241089e-02
3.008132457733154297e+00,1.082775462418794632e-02,6.867325305938720703e-02
3.101717472076416016e+00,1.026190817356109619e-02,6.372743844985961914e-02
3.210897684097290039e+00,9.642031975090503693e-03,5.843330174684524536e-02
3.311599969863891602e+00,9.106006473302841187e-03,5.396178364753723145e-02
3.402782917022705078e+00,8.648291230201721191e-03,5.022334307432174683e-02
3.510760545730590820e+00,8.138141594827175140e-03,4.614538699388504028e-02
3.608667850494384766e+00,7.703522220253944397e-03,4.274696111679077148e-02
3.710016727447509766e+00,7.279752753674983978e-03,3.950250148773193359e-02
3.815096139907836914e+00,6.866665557026863098e-03,3.640760108828544617e-02
3.908285617828369141e+00,6.521385163068771362e-03,3.387377038598060608e-02
4.004494190216064453e+00,6.184333004057407379e-03,3.144847229123115540e-02
4.103950500488281250e+00,5.855396389961242676e-03,2.912904880940914154e-02
4.206904888153076172e+00,5.534507334232330322e-03,2.691320888698101044e-02
4.313529014587402344e+00,5.221936851739883423e-03,2.480103261768817902e-02
4.405346393585205078e+00,4.967839457094669342e-03,2.311889827251434326e-02
4.500056266784667969e+00,4.719481803476810455e-03,2.150616608560085297e-02
4.617814540863037109e+00,4.428966436535120010e-03,1.966067403554916382e-02
4.719567298889160156e+00,4.193285014480352402e-03,1.819731481373310089e-02
4.803463935852050781e+00,4.008980933576822281e-03,1.707494817674160004e-02
4.911659240722656250e+00,3.783929161727428436e-03,1.573378220200538635e-02
5.000983715057373047e+00,3.611149732023477554e-03,1.489925570785999298e-02
5.105853557586669922e+00,3.513813717290759087e-03,1.934656873345375061e-02
5.205755233764648438e+00,3.360369475558400154e-03,1.891395635902881622e-02
5.304182052612304688e+00,3.206901485100388527e-03,1.793459802865982056e-02
5.402558803558349609e+00,3.063243580982089043e-03,1.708864420652389526e-02
5.500874519348144531e+00,2.928842790424823761e-03,1.635098643600940704e-02
5.615485668182373047e+00,2.784217009320855141e-03,1.565158553421497345e-02
5.713726520538330078e+00,2.668174682185053825e-03,1.509046088904142380e-02
5.811939716339111328e+00,2.560131018981337547e-03,1.460391655564308167e-02
5.910127639770507812e+00,2.459746086969971657e-03,1.418461464345455170e-02
6.008284568786621094e+00,2.366703469306230545e-03,1.382633019238710403e-02
6.106409549713134766e+00,2.280743559822440147e-03,1.352465059608221054e-02
6.204513549804687500e+00,2.201582537963986397e-03,1.327443122863769531e-02
6.302593708038330078e+00,2.128986874595284462e-03,1.307194586843252182e-02
6.400643348693847656e+00,2.062785904854536057e-03,1.291493698954582214e-02
6.515017509460449219e+00,1.992699457332491875e-03,1.276877336204051971e-02
6.613046169281005859e+00,1.938063185662031174e-03,1.266274135559797287e-02
6.711059570312500000e+00,1.888906816020607948e-03,1.258863322436809540e-02
6.809057235717773438e+00,1.845034421421587467e-03,1.254369504749774933e-02
6.907039642333984375e+00,1.806264976039528847e-03,1.252547465264797211e-02
7.005003929138183594e+00,1.772577874362468719e-03,1.253463327884674072e-02
7.102943897247314453e+00,1.744102919474244118e-03,1.257420890033245087e-02
7.200870990753173828e+00,1.720349420793354511e-03,1.263528224080801010e-02
7.315063953399658203e+00,1.704099937342107296e-03,1.282929349690675735e-02
7.412973880767822266e+00,1.689514960162341595e-03,1.291764155030250549e-02
7.510872840881347656e+00,1.679298467934131622e-03,1.302419696003198624e-02
7.608760833740234375e+00,1.673366758041083813e-03,1.314789894968271255e-02
7.706639289855957031e+00,1.671648118644952774e-03,1.328785903751850128e-02
7.804507732391357422e+00,1.674082712270319462e-03,1.344329398125410080e-02
7.902366638183593750e+00,1.680624438449740410e-03,1.361357048153877258e-02
8.000217437744140625e+00,1.691235927864909172e-03,1.379812881350517273e-02
8.114376068115234375e+00,1.705012982711195946e-03,1.398228853940963745e-02
8.212196350097656250e+00,1.725278329104185104e-03,1.420927327126264572e-02
8.310009002685546875e+00,1.749707153066992760e-03,1.445023622363805771e-02
8.407816886901855469e+00,1.775730284862220287e-03,1.467402745038270950e-02
8.505625724792480469e+00,1.802054233849048615e-03,1.486779749393463135e-02
8.603428840637207031e+00,1.831656787544488907e-03,1.506826747208833694e-02
8.701227188110351562e+00,1.864599995315074921e-03,1.527611352503299713e-02
8.815322875976562500e+00,1.906836754642426968e-03,1.552332192659378052e-02
8.913097381591796875e+00,1.951401820406317711e-03,1.579197123646736145e-02
9.010868072509765625e+00,1.999970525503158569e-03,1.607162691652774811e-02
9.108634948730468750e+00,2.049170434474945068e-03,1.632865704596042633e-02
9.206410408020019531e+00,2.094991970807313919e-03,1.652680151164531708e-02
9.304166793823242188e+00,2.147693885490298271e-03,1.676572486758232117e-02
9.401912689208984375e+00,2.205780707299709320e-03,1.702890545129776001e-02
9.515964508056640625e+00,2.268736716359853745e-03,1.726234517991542816e-02
9.613710403442382812e+00,2.330425661057233810e-03,1.750554144382476807e-02
9.711452484130859375e+00,2.396456897258758545e-03,1.776213012635707855e-02
9.809170722961425781e+00,2.473428845405578613e-03,1.808456145226955414e-02
9.906881332397460938e+00,2.538709901273250580e-03,1.828832179307937622e-02
1.000456333160400391e+01,2.571373246610164642e-03,1.821910589933395386e-02
1.010223293304443359e+01,2.609305782243609428e-03,1.818219386041164398e-02
1.021612644195556641e+01,2.678746590390801430e-03,1.831295341253280640e-02
1.031378746032714844e+01,2.718109637498855591e-03,1.826361566781997681e-02
1.041142940521240234e+01,2.765138866379857063e-03,1.826004497706890106e-02
1.050906848907470703e+01,2.808697056025266647e-03,1.822281628847122192e-02
1.060671234130859375e+01,2.850028453394770622e-03,1.816248334944248199e-02
1.070435428619384766e+01,2.893127501010894775e-03,1.810664683580398560e-02
1.080198287963867188e+01,2.941358601674437523e-03,1.807632483541965485e-02
1.091588783264160156e+01,2.988982712849974632e-03,1.797689683735370636e-02
1.101350784301757812e+01,3.034713445231318474e-03,1.791521161794662476e-02
1.111113643646240234e+01,3.074883716180920601e-03,1.781387813389301300e-02
1.120876312255859375e+01,3.117197193205356598e-03,1.772006601095199585e-02
1.130637264251708984e+01,3.168383846059441566e-03,1.767119579017162323e-02
1.140398311614990234e+01,3.214253811165690422e-03,1.758576743304729462e-02
1.150160026550292969e+01,3.255118150264024734e-03,1.746779866516590118e-02
1.161545944213867188e+01,3.323635319247841835e-03,1.743459887802600861e-02
1.171307277679443359e+01,3.364576492458581924e-03,1.730611547827720642e-02
1.181067657470703125e+01,3.411139827221632004e-03,1.720232516527175903e-02
1.190827178955078125e+01,3.464048728346824646e-03,1.712502911686897278e-02
1.200586700439453125e+01,3.514533396810293198e-03,1.703034341335296631e-02
1.210347175598144531e+01,3.557520918548107147e-03,1.689558476209640503e-02
1.220107555389404297e+01,3.602120792493224144e-03,1.676508970558643341e-02
1.231494235992431641e+01,3.653201274573802948e-03,1.660444401204586029e-02
1.241254234313964844e+01,3.699039341881871223e-03,1.647255197167396545e-02
1.251013660430908203e+01,3.750403411686420441e-03,1.636104099452495575e-02
1.260772228240966797e+01,3.807976376265287399e-03,1.627129875123500824e-02
1.270530605316162109e+01,3.866518381983041763e-03,1.618051715195178986e-02
1.280289554595947266e+01,3.917398862540721893e-03,1.605445332825183868e-02
1.290048789978027344e+01,3.967777360230684280e-03,1.592318527400493622e-02
1.301432514190673828e+01,4.049318376928567886e-03,1.585208997130393982e-02
1.311191177368164062e+01,4.104565829038619995e-03,1.573056168854236603e-02
1.320950317382812500e+01,4.157249815762042999e-03,1.559645868837833405e-02
1.330709457397460938e+01,4.211036954075098038e-03,1.546350214630365372e-02
1.340468406677246094e+01,4.266242496669292450e-03,1.533270161598920822e-02
1.350226593017578125e+01,4.327940754592418671e-03,1.522086840122938156e-02
1.361610221862792969e+01,4.407801199704408646e-03,1.511150598526000977e-02
1.371368694305419922e+01,4.468568600714206696e-03,1.498855836689472198e-02
1.381127071380615234e+01,4.530895967036485672e-03,1.486747153103351593e-02
1.390885448455810547e+01,4.594902507960796356e-03,1.474845688790082932e-02
1.400643062591552734e+01,4.665252752602100372e-03,1.464513316750526428e-02
1.410400581359863281e+01,4.738641437143087387e-03,1.454680971801280975e-02
1.420158100128173828e+01,4.813753534108400345e-03,1.444938126951456070e-02
1.431543636322021484e+01,4.880326800048351288e-03,1.427299156785011292e-02
1.441301155090332031e+01,4.954443778842687607e-03,1.416596025228500366e-02
1.451058292388916016e+01,5.032713059335947037e-03,1.406636461615562439e-02
1.460815334320068359e+01,5.112879909574985504e-03,1.396789308637380600e-02
1.470572280883789062e+01,5.194689147174358368e-03,1.386978477239608765e-02
1.480329227447509766e+01,5.278135649859905243e-03,1.377196609973907471e-02
1.490086078643798828e+01,5.358714610338211060e-03,1.366369146853685379e-02
1.501471996307373047e+01,5.416873376816511154e-03,1.345097273588180542e-02
1.511228656768798828e+01,5.501097999513149261e-03,1.334638521075248718e-02
1.520985317230224609e+01,5.586999468505382538e-03,1.324234250932931900e-02
1.530741786956787109e+01,5.674391053617000580e-03,1.313839200884103775e-02
1.540498352050781250e+01,5.763226188719272614e-03,1.303440332412719727e-02
1.550254726409912109e+01,5.853509996086359024e-03,1.293038018047809601e-02
1.560011100769042969e+01,5.945223849266767502e-03,1.282627321779727936e-02
1.571396160125732422e+01,6.013952661305665970e-03,1.262751873582601547e-02
1.581153011322021484e+01,6.101218517869710922e-03,1.251093018800020218e-02
1.590909385681152344e+01,6.192627362906932831e-03,1.239986345171928406e-02
1.600665473937988281e+01,6.287430878728628159e-03,1.229257788509130478e-02
1.610421371459960938e+01,6.383826490491628647e-03,1.218567509204149246e-02
1.620177459716796875e+01,6.481606978923082352e-03,1.207878068089485168e-02
1.631559371948242188e+01,6.593881640583276749e-03,1.194823067635297775e-02
1.641316032409667969e+01,6.684107705950737000e-03,1.182455290108919144e-02
1.651072502136230469e+01,6.777241826057434082e-03,1.170414313673973083e-02
1.660828399658203125e+01,6.876579485833644867e-03,1.159184984862804413e-02
1.670583915710449219e+01,6.979453843086957932e-03,1.148311793804168701e-02
1.680339431762695312e+01,7.076389156281948090e-03,1.136391703039407730e-02
1.690094947814941406e+01,7.172582671046257019e-03,1.124243624508380890e-02
1.701476478576660156e+01,7.289249915629625320e-03,1.110552623867988586e-02
1.711231803894042969e+01,7.390710059553384781e-03,1.098890136927366257e-02
1.720987129211425781e+01,7.491724565625190735e-03,1.087059918791055679e-02
1.730742645263671875e+01,7.587892003357410431e-03,1.074516493827104568e-02
1.740498161315917969e+01,7.683790754526853561e-03,1.061890367418527603e-02
1.750253677368164062e+01,7.780388463288545609e-03,1.049312204122543335e-02
1.760009193420410156e+01,7.877811789512634277e-03,1.036802213639020920e-02
1.771388053894042969e+01,8.035983890295028687e-03,1.027301698923110962e-02
1.781142997741699219e+01,8.138188160955905914e-03,1.015160791575908661e-02
1.790898132324218750e+01,8.240191265940666199e-03,1.002970524132251740e-02
1.800653076171875000e+01,8.340195752680301666e-03,9.905508719384670258e-03
1.810408020019531250e+01,8.441908285021781921e-03,9.783128276467323303e-03
1.820162773132324219e+01,8.549417369067668915e-03,9.666675701737403870e-03
1.831543922424316406e+01,8.655569516122341156e-03,9.511568583548069000e-03
1.841297912597656250e+01,8.766446262598037720e-03,9.398568421602249146e-03
1.851051902770996094e+01,8.882340975105762482e-03,9.290121495723724365e-03
1.860805511474609375e+01,8.999928832054138184e-03,9.182937443256378174e-03
1.870559310913085938e+01,9.115152992308139801e-03,9.073365479707717896e-03
1.880313301086425781e+01,9.218006394803524017e-03,8.952915668487548828e-03
1.890067672729492188e+01,9.318304248154163361e-03,8.830813691020011902e-03
1.901448059082031250e+01,9.424909017980098724e-03,8.680626749992370605e-03
1.911201286315917969e+01,9.536908008158206940e-03,8.569739758968353271e-03
1.920955085754394531e+01,9.642739780247211456e-03,8.454324677586555481e-03
1.930708885192871094e+01,9.747808799147605896e-03,8.338962681591510773e-03
1.940462684631347656e+01,9.853236377239227295e-03,8.224579505622386932e-03
1.950216293334960938e+01,9.960260242223739624e-03,8.112119510769844055e-03
1.961594772338867188e+01,1.010019145905971527e-02,7.992564700543880463e-03
1.971348571777343750e+01,1.020108908414840698e-02,7.877231575548648834e-03
1.981102180480957031e+01,1.030202396214008331e-02,7.762959226965904236e-03
1.990855979919433594e+01,1.040318142622709274e-02,7.649900391697883606e-03
2.000609207153320312e+01,1.051010750234127045e-02,7.541648112237453461e-03
2.010362243652343750e+01,1.062376610934734344e-02,7.438577245920896530e-03
2.020115089416503906e+01,1.074190158396959305e-02,7.339022122323513031e-03
2.031492996215820312e+01,1.088426634669303894e-02,7.226434536278247833e-03
2.041246223449707031e+01,1.098821870982646942e-02,7.120001129806041718e-03
2.050999259948730469e+01,1.109868008643388748e-02,7.018417585641145706e-03
2.060751914978027344e+01,1.120926160365343094e-02,6.917879451066255569e-03
2.070504760742187500e+01,1.131302304565906525e-02,6.814613472670316696e-03
2.080257415771484375e+01,1.141814142465591431e-02,6.713252514600753784e-03
2.090010261535644531e+01,1.152397692203521729e-02,6.613429635763168335e-03
2.101387023925781250e+01,1.167866028845310211e-02,6.514231208711862564e-03
2.111139297485351562e+01,1.178216282278299332e-02,6.415413692593574524e-03
2.120891952514648438e+01,1.188051514327526093e-02,6.315349601209163666e-03
2.130644798278808594e+01,1.197745651006698608e-02,6.215982604771852493e-03
2.140397453308105469e+01,1.207393035292625427e-02,6.117794662714004517e-03
2.150149726867675781e+01,1.217450015246868134e-02,6.022851914167404175e-03
2.161525154113769531e+01,1.235461793839931488e-02,5.941295996308326721e-03
2.171277618408203125e+01,1.245059445500373840e-02,5.846596788614988327e-03
2.181030273437500000e+01,1.254498865455389023e-02,5.752643570303916931e-03
2.190782737731933594e+01,1.263869460672140121e-02,5.659840535372495651e-03
2.200535202026367188e+01,1.273202709853649139e-02,5.568325053900480270e-03
2.210287094116210938e+01,1.283596921712160110e-02,5.482397507876157761e-03
2.220038604736328125e+01,1.295152958482503891e-02,5.402151960879564285e-03
2.231414413452148438e+01,1.310472562909126282e-02,5.316688679158687592e-03
2.241166687011718750e+01,1.319517288357019424e-02,5.229363683611154556e-03
2.250918960571289062e+01,1.328472048044204712e-02,5.143157672137022018e-03
2.260670852661132812e+01,1.338107232004404068e-02,5.060764960944652557e-03
2.270422363281250000e+01,1.349270716309547424e-02,4.984902683645486832e-03
2.280173301696777344e+01,1.361129526048898697e-02,4.912432283163070679e-03
2.291549682617187500e+01,1.373925991356372833e-02,4.825727082788944244e-03
2.301301765441894531e+01,1.382421888411045074e-02,4.744720179587602615e-03
2.311053466796875000e+01,1.391657814383506775e-02,4.667441826313734055e-03
2.320804977416992188e+01,1.402537804096937180e-02,4.596466198563575745e-03
2.330555915832519531e+01,1.414238568395376205e-02,4.529003519564867020e-03
2.340306854248046875e+01,1.426370535045862198e-02,4.463746212422847748e-03
2.350057601928710938e+01,1.438757590949535370e-02,4.400107543915510178e-03
2.361435699462890625e+01,1.443921308964490891e-02,4.301101900637149811e-03
2.371186637878417969e+01,1.454685255885124207e-02,4.235432948917150497e-03
2.380937194824218750e+01,1.466292794793844223e-02,4.173026420176029205e-03
2.390687561035156250e+01,1.478393934667110443e-02,4.112812224775552750e-03
2.400437927246093750e+01,1.490377448499202728e-02,4.053138662129640579e-03
2.410188865661621094e+01,1.500346418470144272e-02,3.989277407526969910e-03
2.421566390991210938e+01,1.505570299923419952e-02,3.900489071384072304e-03
2.431316757202148438e+01,1.517186872661113739e-02,3.843137063086032867e-03
2.441066932678222656e+01,1.529313996434211731e-02,3.787815803661942482e-03
2.450817108154296875e+01,1.539934799075126648e-02,3.729829099029302597e-03
2.460567665100097656e+01,1.548806484788656235e-02,3.668841440230607986e-03
2.470318794250488281e+01,1.556504052132368088e-02,3.606342012062668800e-03
2.480069923400878906e+01,1.563383080065250397e-02,3.543237224221229553e-03
2.491444778442382812e+01,1.577762700617313385e-02,3.484422806650400162e-03
2.501195144653320312e+01,1.586846075952053070e-02,3.428119234740734100e-03
2.510946083068847656e+01,1.594573445618152618e-02,3.370056627318263054e-03
2.520697021484375000e+01,1.601451821625232697e-02,3.311382606625556946e-03
2.530447959899902344e+01,1.608646474778652191e-02,3.254419192671775818e-03
2.540198707580566406e+01,1.616591587662696838e-02,3.199921920895576477e-03
2.551572990417480469e+01,1.630545966327190399e-02,3.146179020404815674e-03
2.561323356628417969e+01,1.637981645762920380e-02,3.092665690928697586e-03
2.571073913574218750e+01,1.645604707300662994e-02,3.040453186258673668e-03
2.580824279785156250e+01,1.653455942869186401e-02,2.989567350596189499e-03
2.590574264526367188e+01,1.661821827292442322e-02,2.940451726317405701e-03
2.600324440002441406e+01,1.670155487954616547e-02,2.892126562073826790e-03
2.610074806213378906e+01,1.678452081978321075e-02,2.844570437446236610e-03
2.621449851989746094e+01,1.688885688781738281e-02,2.791308099403977394e-03
2.631200218200683594e+01,1.696023344993591309e-02,2.743673278018832207e-03
2.640950393676757812e+01,1.703238300979137421e-02,2.697008429095149040e-03
2.650700759887695312e+01,1.710638962686061859e-02,2.651449292898178101e-03
2.660450744628906250e+01,1.719141192734241486e-02,2.608293667435646057e-03
2.670200347900390625e+01,1.728358492255210876e-02,2.566875191405415535e-03
2.681575965881347656e+01,1.734767481684684753e-02,2.513343235477805138e-03
2.691326141357421875e+01,1.742332428693771362e-02,2.471214160323143005e-03
2.701075553894042969e+01,1.751062646508216858e-02,2.431364497169852257e-03
2.710824775695800781e+01,1.760315895080566406e-02,2.392844762653112411e-03
2.720574569702148438e+01,1.766751520335674286e-02,2.351321047171950340e-03
2.730324554443359375e+01,1.771805435419082642e-02,2.308805240318179131e-03
2.740074539184570312e+01,1.777083054184913635e-02,2.267360687255859375e-03
2.751448249816894531e+01,1.789215393364429474e-02,2.227141754701733589e-03
2.761198043823242188e+01,1.794916763901710510e-02,2.187691396102309227e-03
2.770948028564453125e+01,1.799711585044860840e-02,2.147913444787263870e-03
2.780697822570800781e+01,1.804001443088054657e-02,2.108311047777533531e-03
2.790447807312011719e+01,1.809240318834781647e-02,2.070507965981960297e-03
2.800197601318359375e+01,1.815503090620040894e-02,2.034503268077969551e-03
2.811570549011230469e+01,1.830212585628032684e-02,2.001105574890971184e-03
2.821320343017578125e+01,1.835092715919017792e-02,1.964867115020751953e-03
2.831070327758789062e+01,1.839397847652435303e-02,1.928714802488684654e-03
2.840820312500000000e+01,1.844491250813007355e-02,1.894022221677005291e-03
2.850570106506347656e+01,1.850539259612560272e-02,1.860888325609266758e-03
2.860319519042968750e+01,1.857466064393520355e-02,1.829170854762196541e-03
2.870068740844726562e+01,1.865202374756336212e-02,1.798742334358394146e-03
2.881443023681640625e+01,1.872188411653041840e-02,1.762012951076030731e-03
2.891192817687988281e+01,1.877221092581748962e-02,1.730275922454893589e-03
2.900942420959472656e+01,1.883147470653057098e-02,1.699892221949994564e-03
2.910691833496093750e+01,1.889882609248161316e-02,1.670729252509772778e-03
2.920441246032714844e+01,1.897362060844898224e-02,1.642680610530078411e-03
2.930190467834472656e+01,1.905502378940582275e-02,1.615631277672946453e-03
2.941565132141113281e+01,1.911326125264167786e-02,1.581675605848431587e-03
2.951314926147460938e+01,1.917028427124023438e-02,1.553693320602178574e-03
2.961064147949218750e+01,1.923486404120922089e-02,1.526779495179653168e-03
2.970813369750976562e+01,1.930624991655349731e-02,1.500833663158118725e-03
2.980562591552734375e+01,1.938376575708389282e-02,1.475764787755906582e-03
2.990311431884765625e+01,1.946089789271354675e-02,1.451068674214184284e-03
3.000060653686523438e+01,1.953001134097576141e-02,1.426202477887272835e-03
3.011435699462890625e+01,1.955549418926239014e-02,1.393912592902779579e-03
3.021184921264648438e+01,1.962477900087833405e-02,1.370019395835697651e-03
3.030933761596679688e+01,1.969952136278152466e-02,1.346880919300019741e-03
3.040682411193847656e+01,1.977431960403919220e-02,1.324118580669164658e-03
3.050431442260742188e+01,1.984161697328090668e-02,1.301247510127723217e-03
3.060180664062500000e+01,1.990218460559844971e-02,1.278338488191366196e-03
3.071555519104003906e+01,1.994429714977741241e-02,1.250375527888536453e-03
3.081304359436035156e+01,2.001647651195526123e-02,1.229028566740453243e-03
3.091053581237792969e+01,2.008720301091670990e-02,1.207944238558411598e-03
3.100802612304687500e+01,2.015101723372936249e-02,1.186810666695237160e-03
3.110551834106445312e+01,2.020861953496932983e-02,1.165685942396521568e-03
3.120301246643066406e+01,2.026082761585712433e-02,1.144630252383649349e-03
3.130050849914550781e+01,2.030815370380878448e-02,1.123682595789432526e-03
3.141424751281738281e+01,2.038862742483615875e-02,1.101032132282853127e-03
3.151173782348632812e+01,2.044805884361267090e-02,1.081475405953824520e-03
3.160923194885253906e+01,2.050196193158626556e-02,1.061975373886525631e-03
3.170672416687011719e+01,2.055099979043006897e-02,1.042576739564538002e-03
3.180421829223632812e+01,2.059716172516345978e-02,1.023383461870253086e-03
3.190171241760253906e+01,2.064812555909156799e-02,1.004758523777127266e-03
3.201544189453125000e+01,2.073588781058788300e-02,9.847393957898020744e-04
3.211293411254882812e+01,2.078501321375370026e-02,9.667068952694535255e-04
3.221042633056640625e+01,2.083049155771732330e-02,9.488334180787205696e-04
3.230791854858398438e+01,2.087961882352828979e-02,9.314368944615125656e-04
3.240540313720703125e+01,2.093354985117912292e-02,9.145506191998720169e-04
3.250289154052734375e+01,2.099168486893177032e-02,8.981318096630275249e-04
3.260037994384765625e+01,2.104990370571613312e-02,8.819983340799808502e-04
3.271412277221679688e+01,2.110457792878150940e-02,8.630038355477154255e-04
3.281161499023437500e+01,2.115687169134616852e-02,8.472470799461007118e-04
3.290910720825195312e+01,2.120884880423545837e-02,8.317551109939813614e-04
3.300659942626953125e+01,2.125963568687438965e-02,8.164916653186082840e-04
3.310409164428710938e+01,2.131027169525623322e-02,8.014923660084605217e-04
3.320158386230468750e+01,2.136414870619773865e-02,7.868733955547213554e-04
3.331532287597656250e+01,2.141603454947471619e-02,7.697615656070411205e-04
3.341281509399414062e+01,2.146401815116405487e-02,7.555003976449370384e-04
3.351030731201171875e+01,2.151586674153804779e-02,7.416221778839826584e-04
3.360779190063476562e+01,2.156907506287097931e-02,7.280338904820382595e-04
3.370528411865234375e+01,2.161781117320060730e-02,7.145428680814802647e-04
3.380277633666992188e+01,2.166217193007469177e-02,7.011567358858883381e-04
3.390026473999023438e+01,2.170342579483985901e-02,6.879193242639303207e-04
3.401400375366210938e+01,2.176439948379993439e-02,6.731643225066363811e-04
3.411149597167968750e+01,2.180647663772106171e-02,6.604634691029787064e-04
3.420898056030273438e+01,2.184709720313549042e-02,6.479541189037263393e-04
3.430647277832031250e+01,2.189150638878345490e-02,6.357810343615710735e-04
3.440395736694335938e+01,2.193921618163585663e-02,6.239201757125556469e-04
3.450144577026367188e+01,2.198468148708343506e-02,6.122140330262482166e-04
3.461518859863281250e+01,2.202981337904930115e-02,5.986196338199079037e-04
3.471266937255859375e+01,2.207550220191478729e-02,5.873808404430747032e-04
3.481016159057617188e+01,2.211705967783927917e-02,5.762439104728400707e-04
3.490764617919921875e+01,2.215492911636829376e-02,5.652223480865359306e-04
3.500513458251953125e+01,2.219404093921184540e-02,5.544367013499140739e-04
3.510262298583984375e+01,2.223644778132438660e-02,5.439295782707631588e-04
3.520010375976562500e+01,2.227874659001827240e-02,5.336141330190002918e-04
3.531383132934570312e+01,2.232131175696849823e-02,5.216684076003730297e-04
3.541131210327148438e+01,2.236087247729301453e-02,5.117055261507630348e-04
3.550879287719726562e+01,2.240074798464775085e-02,5.019354284740984440e-04
3.560627746582031250e+01,2.243966050446033478e-02,4.923276719637215137e-04
3.570376586914062500e+01,2.247519046068191528e-02,4.828301607631146908e-04
3.580124664306640625e+01,2.250938490033149719e-02,4.734855028800666332e-04
3.591497421264648438e+01,2.255313657224178314e-02,4.628833266906440258e-04
3.601245498657226562e+01,2.258645743131637573e-02,4.539007495623081923e-04
3.610993576049804688e+01,2.262249961495399475e-02,4.451406712178140879e-04
3.620741653442382812e+01,2.266020327806472778e-02,4.365773347672075033e-04
3.630489730834960938e+01,2.269520610570907593e-02,4.281266010366380215e-04
3.640237808227539062e+01,2.272714488208293915e-02,4.197822127025574446e-04
3.651610565185546875e+01,2.277003973722457886e-02,4.103463143110275269e-04
3.661358642578125000e+01,2.280174195766448975e-02,4.023386572953313589e-04
3.671106719970703125e+01,2.283306047320365906e-02,3.944782365579158068e-04
3.680854797363281250e+01,2.286676503717899323e-02,3.868075727950781584e-04
3.690602874755859375e+01,2.290160581469535828e-02,3.793014620896428823e-04
3.700350952148437500e+01,2.293409965932369232e-02,3.719020460266619921e-04
3.710099029541015625e+01,2.296403236687183380e-02,3.646053955890238285e-04
3.721471786499023438e+01,2.300209179520606995e-02,3.563171485438942909e-04
3.731219863891601562e+01,2.303234301507472992e-02,3.493259719107300043e-04
3.740967941284179688e+01,2.306093461811542511e-02,3.424461465328931808e-04
3.750716018676757812e+01,2.309113927185535431e-02,3.357220266479998827e-04
3.760464096069335938e+01,2.312328666448593140e-02,3.291542525403201580e-04
3.770212173461914062e+01,2.315540425479412079e-02,3.227122651878744364e-04
3.781584930419921875e+01,2.318761870265007019e-02,3.152846766170114279e-04
3.791333007812500000e+01,2.321937866508960724e-02,3.091050020884722471e-04
3.801081085205078125e+01,2.325020916759967804e-02,3.030324878636747599e-04
3.810829162597656250e+01,2.327905409038066864e-02,2.970531058963388205e-04
3.820577239990234375e+01,2.330595627427101135e-02,2.911664487328380346e-04
3.830325317382812500e+01,2.333281934261322021e-02,2.853939076885581017e-04
3.840073394775390625e+01,2.336129173636436462e-02,2.797523920889943838e-04
3.851446151733398438e+01,2.339528128504753113e-02,2.733175933826714754e-04
3.861194229125976562e+01,2.342149801552295685e-02,2.678859164007008076e-04
3.870942306518554688e+01,2.344905585050582886e-02,2.625746419653296471e-04
3.880690383911132812e+01,2.347802743315696716e-02,2.573817037045955658e-04
3.890438461303710938e+01,2.350742183625698090e-02,2.522939466871321201e-04
3.900186538696289062e+01,2.353531122207641602e-02,2.472897176630795002e-04
3.911559295654296875e+01,2.356337569653987885e-02,2.415307972114533186e-04
3.921307373046875000e+01,2.359214797616004944e-02,2.367447596043348312e-04
3.931055450439453125e+01,2.361987344920635223e-02,2.320420317118987441e-04
3.940803527832031250e+01,2.364609204232692719e-02,2.274171129101887345e-04
3.950551605224609375e+01,2.367088571190834045e-02,2.228699595434591174e-04
3.960299682617187500e+01,2.369468845427036285e-02,2.184034383390098810e-04
3.970047760009765625e+01,2.371926791965961456e-02,2.140314900316298008e-04
3.981420516967773438e+01,2.375266887247562408e-02,2.090792113449424505e-04
3.991168594360351562e+01,2.377630770206451416e-02,2.048829192062839866e-04
4.000916671752929688e+01,2.379947528243064880e-02,2.007657167268916965e-04
4.010664749145507812e+01,2.382365055382251740e-02,1.967376738321036100e-04
4.020412826538085938e+01,2.384881116449832916e-02,1.927967532537877560e-04
4.030160903930664062e+01,2.387484163045883179e-02,1.889399281935766339e-04
4.041533660888671875e+01,2.390172891318798065e-02,1.845102960942313075e-04
4.051281738281250000e+01,2.392540313303470612e-02,1.807993976399302483e-04
4.061029815673828125e+01,2.394988201558589935e-02,1.771675597410649061e-04
4.070777893066406250e+01,2.397518232464790344e-02,1.736130507197231054e-04
4.080525970458984375e+01,2.399978227913379669e-02,1.701239962130784988e-04
4.090274047851562500e+01,2.402329258620738983e-02,1.666966418270021677e-04
4.100022125244140625e+01,2.404564246535301208e-02,1.633296633372083306e-04
4.111394882202148438e+01,2.407118678092956543e-02,1.594827190274372697e-04
4.121142959594726562e+01,2.409476228058338165e-02,1.562667603138834238e-04
4.130891036987304688e+01,2.411727420985698700e-02,1.531081506982445717e-04
4.140639114379882812e+01,2.413868345320224762e-02,1.500058860983699560e-04
4.150387191772460938e+01,2.415926381945610046e-02,1.469607377657666802e-04
4.160135269165039062e+01,2.418023720383644104e-02,1.439787156414240599e-04
4.171508026123046875e+01,2.420867979526519775e-02,1.405969524057582021e-04
4.181256103515625000e+01,2.422918006777763367e-02,1.377396110910922289e-04
4.191004180908203125e+01,2.424914762377738953e-02,1.349367084912955761e-04
4.200752258300781250e+01,2.426972426474094391e-02,1.321931340498849750e-04
4.210500335693359375e+01,2.429088577628135681e-02,1.295076071983203292e-04
4.220248413085937500e+01,2.431271597743034363e-02,1.268791238544508815e-04
4.231621170043945312e+01,2.433477342128753662e-02,1.238625263795256615e-04
4.241369247436523438e+01,2.435495704412460327e-02,1.213393334182910621e-04
4.251117324829101562e+01,2.437576651573181152e-02,1.188697133329696953e-04
4.260865402221679688e+01,2.439666539430618286e-02,1.164501372841186821e-04
4.270613479614257812e+01,2.441670931875705719e-02,1.140753447543829679e-04
4.280361557006835938e+01,2.443587407469749451e-02,1.117445572162978351e-04
4.290109634399414062e+01,2.445415593683719635e-02,1.094570470741018653e-04
4.301482391357421875e+01,2.447818592190742493e-02,1.068578712875023484e-04
4.311230468750000000e+01,2.449689991772174835e-02,1.046709730871953070e-04
4.320978546142578125e+01,2.451476082205772400e-02,1.025249148369766772e-04
4.330726623535156250e+01,2.453266456723213196e-02,1.004224905045703053e-04
4.340474700927734375e+01,2.455107122659683228e-02,9.836460958467796445e-05
4.350222778320312500e+01,2.456998080015182495e-02,9.635028254706412554e-05
4.361595535278320312e+01,2.458930574357509613e-02,9.404177399119362235e-05
4.371343612670898438e+01,2.460720390081405640e-02,9.211144060827791691e-05
4.381091690063476562e+01,2.462542802095413208e-02,9.022140147862955928e-05
4.390839767456054688e+01,2.464306913316249847e-02,8.836772758513689041e-05
4.400587844848632812e+01,2.466008067131042480e-02,8.654965495225042105e-05
4.410335922241210938e+01,2.467667125165462494e-02,8.476723451167345047e-05
4.420083999633789062e+01,2.469328790903091431e-02,8.302122296299785376e-05
4.431456756591796875e+01,2.471396327018737793e-02,8.103316213237121701e-05
4.441204833984375000e+01,2.473023347556591034e-02,7.936225301818922162e-05
4.450952911376953125e+01,2.474637702107429504e-02,7.772510434733703732e-05
4.460700988769531250e+01,2.476241812109947205e-02,7.612104673171415925e-05
4.470449066162109375e+01,2.477843686938285828e-02,7.454974547727033496e-05
4.480197143554687500e+01,2.479434758424758911e-02,7.301026198547333479e-05
4.491569900512695312e+01,2.481133118271827698e-02,7.124967669369652867e-05
4.501317977905273438e+01,2.482700906693935394e-02,6.977708835620433092e-05
4.511066055297851562e+01,2.484246157109737396e-02,6.833408406237140298e-05
4.520814132690429688e+01,2.485735528171062469e-02,6.691921589663252234e-05
4.530562210083007812e+01,2.487183921039104462e-02,6.553235289175063372e-05
4.540310287475585938e+01,2.488645166158676147e-02,6.417429540306329727e-05
4.550058364868164062e+01,2.490137331187725067e-02,6.284488335950300097e-05
4.561431121826171875e+01,2.491840720176696777e-02,6.132748967502266169e-05
4.571179199218750000e+01,2.493289671838283539e-02,6.005555769661441445e-05
4.580927276611328125e+01,2.494725957512855530e-02,5.880951357539743185e-05
4.590675354003906250e+01,2.496101893484592438e-02,5.758776023867540061e-05
4.600423431396484375e+01,2.497436292469501495e-02,5.639030132442712784e-05
4.610171508789062500e+01,2.498794905841350555e-02,5.521803541341796517e-05
4.621544265747070312e+01,2.500317618250846863e-02,5.387963392422534525e-05
4.631292343139648438e+01,2.501636743545532227e-02,5.275836520013399422e-05
4.641040420532226562e+01,2.502977661788463593e-02,5.166067421669140458e-05
4.650788497924804688e+01,2.504306100308895111e-02,5.058538226876407862e-05
4.660536575317382812e+01,2.505581267178058624e-02,4.953130337526090443e-05
4.670284652709960938e+01,2.506822161376476288e-02,4.849837205256335437e-05
4.680032730102539062e+01,2.508077211678028107e-02,4.748709034174680710e-05
4.691405487060546875e+01,2.509588189423084259e-02,4.633448770618997514e-05
4.701153564453125000e+01,2.510797232389450073e-02,4.536718188319355249e-05
4.710901641845703125e+01,2.512030303478240967e-02,4.442031058715656400e-05
4.720649719238281250e+01,2.513266913592815399e-02,4.349312439444474876e-05
4.730397796630859375e+01,2.514466829597949982e-02,4.258455010131001472e-05
4.740145874023437500e+01,2.515623718500137329e-02,4.169414387433789670e-05
4.751518630981445312e+01,2.517002448439598083e-02,4.067910049343481660e-05
4.761266708374023438e+01,2.518157474696636200e-02,3.982820271630771458e-05
4.771014785766601562e+01,2.519285492599010468e-02,3.899458170053549111e-05
4.780762863159179688e+01,2.520406059920787811e-02,3.817816104856319726e-05
4.790510940551757812e+01,2.521537058055400848e-02,3.737886072485707700e-05
4.800259017944335938e+01,2.522662654519081116e-02,3.659610229078680277e-05
4.810007095336914062e+01,2.523772418498992920e-02,3.582941280910745263e-05
4.821379852294921875e+01,2.525008469820022583e-02,3.495428973110392690e-05
4.831127929687500000e+01,2.526087127625942230e-02,3.422133522690273821e-05
4.840876007080078125e+01,2.527154050767421722e-02,3.350351107656024396e-05
4.850624084472656250e+01,2.528209239244461060e-02,3.280048258602619171e-05
4.860372161865234375e+01,2.529262565076351166e-02,3.211207513231784105e-05
4.870120239257812500e+01,2.530303969979286194e-02,3.143788126180879772e-05
4.881492996215820312e+01,2.531503513455390930e-02,3.066887438762933016e-05
4.891241073608398438e+01,2.532531693577766418e-02,3.002462653967086226e-05
4.900989151000976562e+01,2.533552423119544983e-02,2.939374280686024576e-05
4.910737228393554688e+01,2.534539066255092621e-02,2.877564656955655664e-05
4.920485305786132812e+01,2.535503916442394257e-02,2.817022868839558214e-05
4.930233383178710938e+01,2.536460943520069122e-02,2.757738911896012723e-05
4.941606140136718750e+01,2.537590637803077698e-02,2.690151268325280398e-05
4.951354217529296875e+01,2.538523823022842407e-02,2.633495751069858670e-05
4.961102294921875000e+01,2.539444528520107269e-02,2.578014391474425793e-05
4.970850372314453125e+01,2.540371380746364594e-02,2.523699549783486873e-05
4.980598449707031250e+01,2.541309408843517303e-02,2.470531580911483616e-05
4.990346527099609375e+01,2.542243711650371552e-02,2.418473923171404749e-05
5.000094604492187500e+01,2.543161809444427490e-02,2.367491470067761838e-05
5.011467361450195312e+01,2.544227987527847290e-02,2.309356568730436265e-05
5.021215438842773438e+01,2.545139752328395844e-02,2.260654764540959150e-05
5.030963516235351562e+01,2.546037547290325165e-02,2.212963954661972821e-05
5.040711593627929688e+01,2.546919137239456177e-02,2.166258491342887282e-05
5.050459671020507812e+01,2.547770179808139801e-02,2.120509452652186155e-05
5.060207748413085938e+01,2.548599615693092346e-02,2.075704651360865682e-05
5.071580505371093750e+01,2.549544721841812134e-02,2.024603600148111582e-05
5.081328582763671875e+01,2.550373971462249756e-02,1.981813147722277790e-05
5.091076660156250000e+01,2.551183663308620453e-02,1.939908179338090122e-05
5.100824737548828125e+01,2.551984414458274841e-02,1.898877053463365883e-05
5.110572814941406250e+01,2.552791871130466461e-02,1.858715222624596208e-05
5.120320892333984375e+01,2.553603798151016235e-02,1.819400495151057839e-05
5.130068969726562500e+01,2.554412931203842163e-02,1.780910679372027516e-05
5.141441726684570312e+01,2.555369213223457336e-02,1.737036654958501458e-05
5.151189804077148438e+01,2.556150406599044800e-02,1.700262873782776296e-05
5.160937881469726562e+01,2.556934766471385956e-02,1.664265255385544151e-05
5.170685958862304688e+01,2.557700127363204956e-02,1.629014877835288644e-05
5.180434036254882812e+01,2.558450773358345032e-02,1.594498280610423535e-05
5.190182113647460938e+01,2.559177204966545105e-02,1.560695636726450175e-05
5.201554870605468750e+01,2.560004219412803650e-02,1.522148522781208158e-05
5.211302947998046875e+01,2.560728043317794800e-02,1.489870646764757112e-05
5.221051025390625000e+01,2.561430260539054871e-02,1.458263432141393423e-05
5.230799102783203125e+01,2.562133409082889557e-02,1.427322877134429291e-05
5.240547180175781250e+01,2.562843635678291321e-02,1.397039977746317163e-05
5.250295257568359375e+01,2.563552558422088623e-02,1.367395816487260163e-05
5.260043334960937500e+01,2.564246952533721924e-02,1.338370839221170172e-05
5.271416091918945312e+01,2.565082907676696777e-02,1.305295154452323914e-05
5.281164169311523438e+01,2.565765567123889923e-02,1.277576939173741266e-05
5.290912246704101562e+01,2.566432766616344452e-02,1.250437253474956378e-05
5.300660324096679688e+01,2.567077241837978363e-02,1.223862000188091770e-05
5.310408401489257812e+01,2.567716687917709351e-02,1.197846631839638576e-05
5.320156478881835938e+01,2.568359300494194031e-02,1.172383599623572081e-05
5.331529235839843750e+01,2.569089271128177643e-02,1.143348799814702943e-05
5.341277313232421875e+01,2.569719776511192322e-02,1.119034550356445834e-05
5.351025390625000000e+01,2.570345625281333923e-02,1.095233074011048302e-05
5.360773468017578125e+01,2.570970170199871063e-02,1.071935821528313681e-05
5.370521545410156250e+01,2.571581490337848663e-02,1.049126149155199528e-05
5.380269622802734375e+01,2.572179399430751801e-02,1.026795507641509175e-05
5.390017700195312500e+01,2.572772279381752014e-02,1.004936257231747732e-05
5.401390457153320312e+01,2.573467604815959930e-02,9.800204679777380079e-06
5.411138534545898438e+01,2.574038133025169373e-02,9.591451089363545179e-06
5.420886611938476562e+01,2.574623748660087585e-02,9.387184945808257908e-06
5.430634689331054688e+01,2.575198374688625336e-02,9.187216164718847722e-06
5.440382766723632812e+01,2.575768530368804932e-02,8.991471077024471015e-06
5.450130844116210938e+01,2.576327882707118988e-02,8.799849638307932764e-06
5.461503601074218750e+01,2.576952986419200897e-02,8.581338988733477890e-06
5.471251678466796875e+01,2.577489800751209259e-02,8.398354111704975367e-06
5.480999755859375000e+01,2.578019909560680389e-02,8.219239134632516652e-06
5.490747833251953125e+01,2.578556165099143982e-02,8.043950401770416647e-06
5.500495910644531250e+01,2.579085528850555420e-02,7.872366950323339552e-06
5.510243988037109375e+01,2.579603530466556549e-02,7.704397830821108073e-06
5.521616744995117188e+01,2.580245770514011383e-02,7.513043328799540177e-06
5.531364822387695312e+01,2.580746449530124664e-02,7.352667580562410876e-06
5.541112899780273438e+01,2.581245638430118561e-02,7.195700163720175624e-06
5.550860977172851562e+01,2.581749670207500458e-02,7.042082415864570066e-06
5.560609054565429688e+01,2.582247927784919739e-02,6.891717930557206273e-06
5.570357131958007812e+01,2.582731656730175018e-02,6.744520760548766702e-06
5.580105209350585938e+01,2.583206258714199066e-02,6.600436336157144979e-06
5.591477966308593750e+01,2.583739720284938812e-02,6.436159765144111589e-06
5.601226043701171875e+01,2.584213577210903168e-02,6.298637799773132429e-06
5.610974121093750000e+01,2.584676630795001984e-02,6.164020305732265115e-06
5.620722198486328125e+01,2.585136331617832184e-02,6.032263627275824547e-06
5.630470275878906250e+01,2.585588395595550537e-02,5.903300007048528641e-06
5.640218353271484375e+01,2.586042508482933044e-02,5.777085789304692298e-06
5.651591110229492188e+01,2.586568519473075867e-02,5.633225555357057601e-06
5.661339187622070312e+01,2.587012387812137604e-02,5.512745246960548684e-06
5.671087265014648438e+01,2.587449178099632263e-02,5.394822892412776127e-06
5.680835342407226562e+01,2.587871253490447998e-02,5.279388005874352530e-06
5.690583419799804688e+01,2.588293142616748810e-02,5.166411938262172043e-06
5.700331497192382812e+01,2.588711120188236237e-02,5.055841938883531839e-06
5.710079574584960938e+01,2.589130401611328125e-02,4.947634806740097702e-06
5.721452331542968750e+01,2.589624933898448944e-02,4.824315965379355475e-06
5.731200408935546875e+01,2.590037882328033447e-02,4.721034201793372631e-06
5.740948486328125000e+01,2.590445987880229950e-02,4.619953415385680273e-06
5.750696563720703125e+01,2.590847946703433990e-02,4.521019945968873799e-06
5.760444641113281250e+01,2.591246552765369415e-02,4.424191502039320767e-06
5.770192718505859375e+01,2.591633424162864685e-02,4.329417151893721893e-06
5.781565475463867188e+01,2.592052891850471497e-02,4.221352355671115220e-06
5.791313552856445312e+01,2.592436224222183228e-02,4.130904017074499279e-06
5.801061630249023438e+01,2.592818439006805420e-02,4.042388354719150811e-06
5.810809707641601562e+01,2.593197487294673920e-02,3.955758074880577624e-06
5.820557785034179688e+01,2.593570575118064880e-02,3.870972250297199935e-06
5.830305862426757812e+01,2.593940868973731995e-02,3.787996547544025816e-06
5.840053939819335938e+01,2.594302222132682800e-02,3.706779807544080541e-06
5.851426696777343750e+01,2.594706043601036072e-02,3.614195975387701765e-06
5.861174774169921875e+01,2.595059946179389954e-02,3.536688382155261934e-06
5.870922851562500000e+01,2.595410495996475220e-02,3.460835614532697946e-06
5.880670928955078125e+01,2.595756761729717255e-02,3.386597882126807235e-06
5.890419006347656250e+01,2.596097066998481750e-02,3.313941988380975090e-06
5.900167083740234375e+01,2.596433646976947784e-02,3.242836100980639458e-06
5.911539840698242188e+01,2.596855536103248596e-02,3.161838094456470571e-06
5.921287918090820312e+01,2.597179822623729706e-02,3.093973646173253655e-06
5.931035995483398438e+01,2.597503736615180969e-02,3.027560296686715446e-06
5.940784072875976562e+01,2.597822993993759155e-02,2.962566441055969335e-06
5.950532150268554688e+01,2.598145604133605957e-02,2.898968659792444669e-06
5.960280227661132812e+01,2.598462440073490143e-02,2.836728526744991541e-06
5.970028305053710938e+01,2.598774619400501251e-02,2.775815573841100559e-06
5.981401062011718750e+01,2.599134482443332672e-02,2.706392251639044844e-06
5.991149139404296875e+01,2.599446848034858704e-02,2.648270765348570421e-06
6.000897216796875000e+01,2.599750459194183350e-02,2.591387783468235284e-06
6.010645294189453125e+01,2.600051090121269226e-02,2.535720113883144222e-06
6.020393371582031250e+01,2.600344270467758179e-02,2.481239334883866832e-06
6.030141448974609375e+01,2.600637264549732208e-02,2.427925664960639551e-06
6.041514205932617188e+01,2.600969374179840088e-02,2.367163233429891989e-06
6.051262283325195312e+01,2.601258084177970886e-02,2.316292011528275907e-06
6.061010360717773438e+01,2.601539529860019684e-02,2.266507408421603031e-06
6.070758438110351562e+01,2.601823583245277405e-02,2.217791688963188790e-06
6.080506515502929688e+01,2.602100372314453125e-02,2.170117113564629108e-06
6.090254592895507812e+01,2.602373436093330383e-02,2.123461399605730549e-06
6.100002670288085938e+01,2.602649107575416565e-02,2.077810449918615632e-06
6.111375427246093750e+01,2.602969668805599213e-02,2.025783942372072488e-06
6.121123504638671875e+01,2.603238075971603394e-02,1.982224148378008977e-06
6.130871582031250000e+01,2.603505738079547882e-02,1.939594994837534614e-06
6.140619659423828125e+01,2.603763528168201447e-02,1.897876586554048117e-06
6.150367736816406250e+01,2.604015730321407318e-02,1.857049142017785925e-06
6.160115814208984375e+01,2.604265324771404266e-02,1.817097540879331063e-06
6.171488571166992188e+01,2.604549191892147064e-02,1.771565280250797514e-06
6.181236648559570312e+01,2.604796364903450012e-02,1.733448243612656370e-06
6.190984725952148438e+01,2.605039998888969421e-02,1.696149865892948583e-06
6.200732803344726562e+01,2.605285681784152985e-02,1.659652639318665024e-06
6.210480880737304688e+01,2.605520375072956085e-02,1.623931893846020103e-06
6.220228958129882812e+01,2.605756558477878571e-02,1.588980239830561914e-06
6.231601715087890625e+01,2.606047317385673523e-02,1.549159492242324632e-06
6.241349792480468750e+01,2.606277354061603546e-02,1.515811391072929837e-06
6.251097869873046875e+01,2.606511302292346954e-02,1.483179403294343501e-06
6.260845947265625000e+01,2.606738545000553131e-02,1.451245907446718775e-06
6.270594024658203125e+01,2.606963738799095154e-02,1.419998852725257166e-06
6.280342102050781250e+01,2.607187256217002869e-02,1.389421868225326762e-06
6.290090179443359375e+01,2.607403695583343506e-02,1.359500629405374639e-06
6.301462936401367188e+01,2.607635408639907837e-02,1.325394805462565273e-06
6.311211013793945312e+01,2.607848308980464935e-02,1.296847585763316602e-06
6.320959091186523438e+01,2.608060277998447418e-02,1.268912342311523389e-06
6.330707168579101562e+01,2.608273364603519440e-02,1.241580321220681071e-06
6.340455245971679688e+01,2.608484029769897461e-02,1.214838448504451662e-06
6.350203323364257812e+01,2.608690038323402405e-02,1.188666033158369828e-06
6.361576080322265625e+01,2.608936280012130737e-02,1.158843019766209181e-06
6.371324157714843750e+01,2.609136514365673065e-02,1.133873183789546601e-06
6.381072235107421875e+01,2.609333768486976624e-02,1.109437903323851060e-06
6.390820312500000000e+01,2.609531953930854797e-02,1.085529788724670652e-06
6.400568389892578125e+01,2.609719894826412201e-02,1.062131332218996249e-06
6.410314178466796875e+01,2.609911747276782990e-02,1.039237872646481264e-06
6.420059967041015625e+01,2.610099874436855316e-02,1.016837359202327207e-06
6.431430053710937500e+01,2.610309794545173645e-02,9.913105714076664299e-07
6.441175842285156250e+01,2.610496059060096741e-02,9.699401744001079351e-07
6.450921630859375000e+01,2.610679529607295990e-02,9.490305501458351500e-07
6.460667419433593750e+01,2.610858343541622162e-02,9.285672604164574295e-07
6.470413208007812500e+01,2.611038088798522949e-02,9.085454735213716049e-07
6.480158996582031250e+01,2.611216157674789429e-02,8.889538207768055145e-07
6.491529083251953125e+01,2.611429616808891296e-02,8.666312396599096246e-07
6.501274871826171875e+01,2.611600980162620544e-02,8.479409530082193669e-07
6.511020660400390625e+01,2.611771412193775177e-02,8.296532882923202123e-07
6.520766448974609375e+01,2.611940912902355194e-02,8.117589231915189885e-07
6.530512237548828125e+01,2.612107619643211365e-02,7.942480237943527754e-07
6.540258026123046875e+01,2.612273395061492920e-02,7.771138825773959979e-07
6.550003814697265625e+01,2.612430788576602936e-02,7.603469498462800402e-07
6.561373901367187500e+01,2.612626738846302032e-02,7.412446052512677852e-07
6.571119689941406250e+01,2.612785436213016510e-02,7.252518230416171718e-07
6.580865478515625000e+01,2.612945251166820526e-02,7.096028866726555862e-07
6.590611267089843750e+01,2.613106369972229004e-02,6.942919981156592257e-07
6.600357055664062500e+01,2.613259479403495789e-02,6.793094371460028924e-07
6.610102844238281250e+01,2.613413706421852112e-02,6.646503152296645567e-07
6.621472930908203125e+01,2.613572590053081512e-02,6.479435228357033338e-07
6.631218719482421875e+01,2.613724209368228912e-02,6.339607807603897527e-07
6.640964508056640625e+01,2.613869495689868927e-02,6.202761824170011096e-07
6.650710296630859375e+01,2.614017575979232788e-02,6.068873403819452506e-07
6.660456085205078125e+01,2.614165656268596649e-02,5.937877745054720435e-07
6.670201873779296875e+01,2.614312246441841125e-02,5.809702088299673051e-07
6.681571960449218750e+01,2.614478394389152527e-02,5.663629849550488871e-07
6.691317749023437500e+01,2.614617720246315002e-02,5.541359087146702223e-07
6.701063537597656250e+01,2.614758722484111786e-02,5.421705964181455784e-07
6.710809326171875000e+01,2.614895626902580261e-02,5.304609089762379881e-07
6.720555114746093750e+01,2.615029364824295044e-02,5.190076421968115028e-07
6.730300903320312500e+01,2.615160495042800903e-02,5.078014169157540891e-07
6.740046691894531250e+01,2.615291252732276917e-02,4.968348434886138421e-07
6.751416778564453125e+01,2.615445107221603394e-02,4.843369083573634271e-07
6.761162567138671875e+01,2.615572512149810791e-02,4.738752465982543072e-07
6.770908355712890625e+01,2.615699172019958496e-02,4.636424364434788004e-07
6.780654144287109375e+01,2.615824155509471893e-02,4.536297240065323422e-07
6.790399932861328125e+01,2.615950629115104675e-02,4.438328176092909416e-07
6.800145721435546875e+01,2.616073377430438995e-02,4.342471697782457341e-07
6.811515808105468750e+01,2.616218104958534241e-02,4.233256163388432469e-07
6.821261596679687500e+01,2.616338804364204407e-02,4.141824376802105689e-07
6.831007385253906250e+01,2.616456709802150726e-02,4.052364772633154644e-07
6.840753173828125000e+01,2.616574801504611969e-02,3.964833013014867902e-07
6.850498962402343750e+01,2.616692706942558289e-02,3.879197834066872019e-07
6.860244750976562500e+01,2.616809494793415070e-02,3.795396423811325803e-07
6.871614837646484375e+01,2.616942301392555237e-02,3.699917954236298101e-07
6.881360626220703125e+01,2.617057226598262787e-02,3.619988149239361519e-07
6.891106414794921875e+01,2.617169171571731567e-02,3.541780415616813116e-07
6.900852203369140625e+01,2.617279067635536194e-02,3.465261784185713623e-07
6.910597991943359375e+01,2.617389522492885590e-02,3.390397864677652251e-07
6.920343780517578125e+01,2.617498673498630524e-02,3.317151993087463779e-07
6.930089569091796875e+01,2.617604658007621765e-02,3.245480115765531082e-07
6.941459655761718750e+01,2.617719769477844238e-02,3.163808628414699342e-07
6.951205444335937500e+01,2.617825381457805634e-02,3.095438785294390982e-07
6.960951232910156250e+01,2.617929317057132721e-02,3.028543460459331982e-07
6.970697021484375000e+01,2.618027105927467346e-02,2.963100484976166626e-07
6.980442810058593750e+01,2.618126943707466125e-02,2.899072626405541087e-07
6.990188598632812500e+01,2.618224546313285828e-02,2.836420947005535709e-07
7.001558685302734375e+01,2.618355862796306610e-02,2.765036128948850092e-07
7.011304473876953125e+01,2.618448622524738312e-02,2.705260726543201599e-07
7.021050262451171875e+01,2.618544921278953552e-02,2.646782490955956746e-07
7.030796051025390625e+01,2.618640474975109100e-02,2.589568737221270567e-07
7.040541839599609375e+01,2.618735656142234802e-02,2.533600991228013299e-07
7.050287628173828125e+01,2.618828974664211273e-02,2.478849978615471628e-07
7.060033416748046875e+01,2.618924155831336975e-02,2.425261129701539176e-07
7.071403503417968750e+01,2.619025297462940216e-02,2.364203908200579463e-07
7.081149291992187500e+01,2.619120478630065918e-02,2.313084905836149119e-07
7.090895080566406250e+01,2.619214355945587158e-02,2.263064402541203890e-07
7.100640869140625000e+01,2.619303576648235321e-02,2.214138135059329215e-07
7.110386657714843750e+01,2.619390748441219330e-02,2.166267023540058290e-07
7.120132446289062500e+01,2.619471959769725800e-02,2.119426767421828117e-07
7.131502532958984375e+01,2.619565278291702271e-02,2.066054634042302496e-07
7.141248321533203125e+01,2.619649842381477356e-02,2.021379685857027653e-07
7.150994110107421875e+01,2.619732171297073364e-02,1.977665107233406161e-07
7.160739898681640625e+01,2.619816735386848450e-02,1.934900524247495923e-07
7.170485687255859375e+01,2.619898132979869843e-02,1.893049841328320326e-07
7.180231475830078125e+01,2.619978040456771851e-02,1.852109221545106266e-07
7.191601562500000000e+01,2.620078623294830322e-02,1.805458964554418344e-07
7.201347351074218750e+01,2.620158530771732330e-02,1.766407251579948934e-07
7.211093139648437500e+01,2.620235644280910492e-02,1.728202221329411259e-07
7.220838928222656250e+01,2.620312012732028961e-02,1.690820994326713844e-07
7.230584716796875000e+01,2.620387822389602661e-02,1.654240691095765214e-07
7.240330505371093750e+01,2.620463259518146515e-02,1.618465717001527082e-07
7.250076293945312500e+01,2.620535530149936676e-02,1.583454576348231058e-07
7.261446380615234375e+01,2.620611712336540222e-02,1.543554191130169784e-07
7.271192169189453125e+01,2.620681375265121460e-02,1.510163940565689700e-07
7.280937957763671875e+01,2.620755322277545929e-02,1.477487643342101364e-07
7.290683746337890625e+01,2.620828896760940552e-02,1.445525299459404778e-07
7.300429534912109375e+01,2.620898187160491943e-02,1.414251045162018272e-07
7.310175323486328125e+01,2.620966359972953796e-02,1.383638448260171572e-07
7.321545410156250000e+01,2.621056325733661652e-02,1.348783911225837073e-07
7.331291198730468750e+01,2.621121518313884735e-02,1.319606752758772927e-07
7.341036987304687500e+01,2.621189691126346588e-02,1.291075335529967560e-07
7.350782775878906250e+01,2.621252648532390594e-02,1.263146032215445302e-07
7.360528564453125000e+01,2.621318399906158447e-02,1.235824811374186538e-07
7.370274353027343750e+01,2.621383592486381531e-02,1.209083393405308016e-07
7.380020141601562500e+01,2.621446549892425537e-02,1.182924478371205623e-07
7.391390228271484375e+01,2.621518261730670929e-02,1.153115150032135716e-07
7.401136016845703125e+01,2.621576562523841858e-02,1.128157549601382925e-07
7.410881805419921875e+01,2.621636539697647095e-02,1.103740956409637874e-07
7.420627593994140625e+01,2.621695771813392639e-02,1.079854925478684891e-07
7.430373382568359375e+01,2.621754631400108337e-02,1.056487519690563204e-07
7.440119171142578125e+01,2.621820755302906036e-02,1.033625238733293372e-07
7.451489257812500000e+01,2.621899731457233429e-02,1.007593581903165614e-07
7.461235046386718750e+01,2.621959336102008820e-02,9.857841121174715227e-08
7.470980834960937500e+01,2.622017636895179749e-02,9.644565324151699315e-08
7.480726623535156250e+01,2.622074633836746216e-02,9.435758840936614433e-08
7.490472412109375000e+01,2.622133865952491760e-02,9.231493436345772352e-08
7.500218200683593750e+01,2.622191421687602997e-02,9.031547421045615920e-08
7.511588287353515625e+01,2.622238546609878540e-02,8.803818474234503810e-08
7.521334075927734375e+01,2.622293308377265930e-02,8.613267254986567423e-08
7.531079864501953125e+01,2.622347138822078705e-02,8.426834341435096576e-08
7.540825653076171875e+01,2.622401528060436249e-02,8.244418125968877575e-08
7.550571441650390625e+01,2.622452750802040100e-02,8.065931922374147689e-08
7.560317230224609375e+01,2.622509188950061798e-02,7.891324571573932189e-08
7.570063018798828125e+01,2.622560597956180573e-02,7.720423411683441373e-08
7.581433105468750000e+01,2.622629329562187195e-02,7.525749623482624884e-08
7.591178894042968750e+01,2.622676640748977661e-02,7.362801568433496868e-08
7.600924682617187500e+01,2.622726559638977051e-02,7.203293961310919258e-08
7.610670471191406250e+01,2.622770331799983978e-02,7.047378858260344714e-08
7.620416259765625000e+01,2.622821740806102753e-02,6.894819648550765123e-08
7.630162048339843750e+01,2.622870542109012604e-02,6.745595015900107683e-08
7.641532135009765625e+01,2.622926607728004456e-02,6.575688615839681006e-08
7.651277923583984375e+01,2.622975222766399384e-02,6.433215560264216037e-08
7.661023712158203125e+01,2.623022720217704773e-02,6.293991106076646247e-08
7.670769500732421875e+01,2.623072825372219086e-02,6.157783616345113842e-08
7.680515289306640625e+01,2.623120322823524475e-02,6.024370691193325911e-08
7.690261077880859375e+01,2.623164467513561249e-02,5.893890175912019913e-08
7.700006866455078125e+01,2.623211592435836792e-02,5.766252186845122196e-08
7.711376953125000000e+01,2.623243629932403564e-02,5.620789167437578726e-08
7.721122741699218750e+01,2.623286657035350800e-02,5.499046906720650441e-08
7.730868530273437500e+01,2.623329311609268188e-02,5.380008971656025096e-08
7.740614318847656250e+01,2.623374015092849731e-02,5.263591873472250882e-08
7.750360107421875000e+01,2.623414620757102966e-02,5.149605897258879850e-08
7.760105895996093750e+01,2.623458392918109894e-02,5.038037187432564679e-08
7.771475982666015625e+01,2.623521909117698669e-02,4.911037621013747412e-08
7.781221771240234375e+01,2.623562142252922058e-02,4.804649833545227011e-08
7.790967559814453125e+01,2.623603865504264832e-02,4.700576994309813017e-08
7.800713348388671875e+01,2.623641677200794220e-02,4.598685521273182530e-08
7.810459136962890625e+01,2.623682282865047455e-02,4.499070271890559525e-08
7.820204925537109375e+01,2.623717673122882843e-02,4.401715969493125158e-08
7.831575012207031250e+01,2.623757161200046539e-02,4.290759036962299433e-08
7.841320800781250000e+01,2.623796276748180389e-02,4.197861613874920295e-08
7.851066589355468750e+01,2.623833715915679932e-02,4.106989948127193202e-08
7.860812377929687500e+01,2.623870596289634705e-02,4.018102117697708309e-08
7.870558166503906250e+01,2.623903751373291016e-02,3.930968617282815103e-08
7.880303955078125000e+01,2.623939886689186096e-02,3.845714147132639482e-08
7.890049743652343750e+01,2.623975649476051331e-02,3.762364642057036690e-08
7.901419830322265625e+01,2.624033391475677490e-02,3.667415882091518142e-08
7.911165618896484375e+01,2.624066546559333801e-02,3.587941321825383056e-08
7.920911407470703125e+01,2.624101936817169189e-02,3.510156432184885489e-08
7.930657196044921875e+01,2.624136954545974731e-02,3.434086792708512803e-08
7.940402984619140625e+01,2.624171413481235504e-02,3.359675915248772071e-08
7.950148773193359375e+01,2.624208666384220123e-02,3.286834271420957521e-08
7.961518859863281250e+01,2.624226920306682587e-02,3.203853182753846340e-08
7.971264648437500000e+01,2.624259144067764282e-02,3.134416814987162070e-08
7.981010437011718750e+01,2.624293416738510132e-02,3.066553233566082781e-08
7.990756225585937500e+01,2.624322846531867981e-02,3.000128856456285575e-08
8.000502014160156250e+01,2.624355070292949677e-02,2.935070142484619282e-08
8.010247802734375000e+01,2.624386921525001526e-02,2.871514759306137421e-08
8.021617889404296875e+01,2.624450437724590302e-02,2.799217924120966927e-08
8.031363677978515625e+01,2.624480053782463074e-02,2.738620352715770423e-08
8.041109466552734375e+01,2.624510601162910461e-02,2.679175459263660741e-08
8.050855255126953125e+01,2.624542266130447388e-02,2.621079886466759490e-08
8.060601043701171875e+01,2.624568901956081390e-02,2.564228118728806294e-08
8.070346832275390625e+01,2.624597959220409393e-02,2.508674512569086801e-08
8.080092620849609375e+01,2.624628506600856781e-02,2.454310354949029715e-08
8.091462707519531250e+01,2.624635398387908936e-02,2.392279085938753269e-08
8.101208496093750000e+01,2.624663524329662323e-02,2.340378379983576451e-08
8.110954284667968750e+01,2.624690532684326172e-02,2.289629108531698876e-08
8.120700073242187500e+01,2.624717541038990021e-02,2.239958618588389072e-08
8.130445861816406250e+01,2.624746412038803101e-02,2.191379344651522842e-08
8.140191650390625000e+01,2.624774724245071411e-02,2.143809396670803835e-08
8.151561737060546875e+01,2.624833025038242340e-02,2.089699435714464926e-08
8.161307525634765625e+01,2.624860219657421112e-02,2.044410152279851900e-08
8.171053314208984375e+01,2.624886110424995422e-02,2.000055410178447346e-08
8.180799102783203125e+01,2.624912932515144348e-02,1.956649953172018286e-08
8.190544891357421875e+01,2.624939009547233582e-02,1.914198755059715040e-08
8.200290679931640625e+01,2.624966017901897430e-02,1.872650123857511062e-08
8.210036468505859375e+01,2.624990604817867279e-02,1.832057705541956238e-08
8.221406555175781250e+01,2.624993026256561279e-02,1.785760161965299631e-08
8.231152343750000000e+01,2.625015005469322205e-02,1.747033451238166890e-08
8.240898132324218750e+01,2.625035867094993591e-02,1.709157260165738990e-08
8.250643920898437500e+01,2.625060640275478363e-02,1.672087890369766683e-08
8.260389709472656250e+01,2.625084482133388519e-02,1.635886093254157458e-08
8.270135498046875000e+01,2.625107765197753906e-02,1.600464116791044944e-08
8.281505584716796875e+01,2.625172398984432220e-02,1.560105644671239133e-08
8.291251373291015625e+01,2.625194750726222992e-02,1.526243487148803979e-08
8.300997161865234375e+01,2.625218220055103302e-02,1.493156531751083094e-08
8.310742950439453125e+01,2.625240571796894073e-02,1.460811382969495753e-08
8.320488739013671875e+01,2.625261619687080383e-02,1.429183438261816264e-08
8.330234527587890625e+01,2.625284902751445770e-02,1.398238680394570110e-08
8.341604614257812500e+01,2.625272981822490692e-02,1.362925594605712831e-08
8.351350402832031250e+01,2.625294961035251617e-02,1.333323407237685387e-08
8.361096191406250000e+01,2.625315822660923004e-02,1.304386110234645457e-08
8.370841979980468750e+01,2.625338360667228699e-02,1.276124095284103532e-08
8.380587768554687500e+01,2.625356800854206085e-02,1.248532655040435202e-08
8.390333557128906250e+01,2.625379525125026703e-02,1.221516043869996793e-08
8.400079345703125000e+01,2.625399082899093628e-02,1.195035714829373319e-08
8.411449432373046875e+01,2.625460363924503326e-02,1.164861629376900964e-08
8.421195220947265625e+01,2.625481598079204559e-02,1.139554850482227266e-08
8.430941009521484375e+01,2.625500038266181946e-02,1.114841996496807042e-08
8.440686798095703125e+01,2.625515125691890717e-02,1.090711165829816309e-08
8.450432586669921875e+01,2.625535242259502411e-02,1.067040056312862362e-08
8.460178375244140625e+01,2.625553496181964874e-02,1.043905673014933200e-08
8.471548461914062500e+01,2.625546231865882874e-02,1.017492845534206936e-08
8.481294250488281250e+01,2.625567093491554260e-02,9.954017166080575407e-09
8.491040039062500000e+01,2.625587768852710724e-02,9.737417983046725567e-09
8.500785827636718750e+01,2.625605650246143341e-02,9.525511934782571188e-09
8.510531616210937500e+01,2.625624462962150574e-02,9.318907423505606857e-09
8.520277404785156250e+01,2.625640481710433960e-02,9.115828980554852023e-09
8.530023193359375000e+01,2.625656872987747192e-02,8.917762528426464996e-09
8.541393280029296875e+01,2.625702507793903351e-02,8.692945030475129897e-09
8.551139068603515625e+01,2.625718526542186737e-02,8.504610349291397142e-09
8.560884857177734375e+01,2.625736966729164124e-02,8.320167665942790336e-09
8.570630645751953125e+01,2.625749818980693817e-02,8.139052098954380199e-09
8.580376434326171875e+01,2.625767141580581665e-02,7.962005277306616335e-09
8.590122222900390625e+01,2.625783532857894897e-02,7.788877098846569424e-09
8.601492309570312500e+01,2.625788003206253052e-02,7.592785067345175776e-09
8.611238098144531250e+01,2.625805512070655823e-02,7.428598625125459876e-09
8.620983886718750000e+01,2.625819668173789978e-02,7.268140755911645101e-09
8.630729675292968750e+01,2.625837177038192749e-02,7.110743549532116958e-09
8.640475463867187500e+01,2.625853009521961212e-02,6.956728970664016742e-09
8.650221252441406250e+01,2.625868469476699829e-02,6.806166741313290913e-09
8.661591339111328125e+01,2.625896036624908447e-02,6.634112814651871304e-09
8.671337127685546875e+01,2.625910006463527679e-02,6.490079140775151245e-09
8.681082916259765625e+01,2.625923417508602142e-02,6.349538672623111779e-09
8.690828704833984375e+01,2.625938504934310913e-02,6.212124148419206904e-09
8.700574493408203125e+01,2.625952661037445068e-02,6.077502945345258922e-09
8.710320281982421875e+01,2.625968679785728455e-02,5.946161785175263503e-09
8.720066070556640625e+01,2.625981345772743225e-02,5.817592185763942325e-09
8.731436157226562500e+01,2.625991031527519226e-02,5.670184322070781491e-09
8.741181945800781250e+01,2.626005932688713074e-02,5.546833659053618248e-09
8.750927734375000000e+01,2.626025676727294922e-02,5.426429972033020022e-09
8.760673522949218750e+01,2.626038528978824615e-02,5.309151784871346536e-09
8.770419311523437500e+01,2.626053802669048309e-02,5.194856989021445770e-09
8.780165100097656250e+01,2.626068331301212311e-02,5.082824827695731074e-09
8.791535186767578125e+01,2.626077271997928619e-02,4.954115784272516976e-09
8.801280975341796875e+01,2.626090683043003082e-02,4.847243051386840307e-09
8.811026763916015625e+01,2.626105956733226776e-02,4.742111148203775883e-09
8.820772552490234375e+01,2.626118622720241547e-02,4.638325723504976850e-09
8.830518341064453125e+01,2.626132406294345856e-02,4.537272335625175401e-09
8.840264129638671875e+01,2.626145072281360626e-02,4.438507339443731325e-09
8.850009918212890625e+01,2.626156434416770935e-02,4.341720760692169279e-09
8.861380004882812500e+01,2.626174502074718475e-02,4.231590633452242400e-09
8.871125793457031250e+01,2.626189216971397400e-02,4.139591336382864029e-09
8.880871582031250000e+01,2.626203186810016632e-02,4.049561574959170684e-09
8.890617370605468750e+01,2.626215480268001556e-02,3.961314831713025342e-09
8.900363159179687500e+01,2.626230567693710327e-02,3.875026965971528625e-09
8.910108947753906250e+01,2.626241929829120636e-02,3.790008751280993238e-09
8.921479034423828125e+01,2.626237273216247559e-02,3.693835903817443977e-09
8.931224822998046875e+01,2.626247331500053406e-02,3.612991017476474553e-09
8.940970611572265625e+01,2.626261115074157715e-02,3.533636050434552089e-09
8.950716400146484375e+01,2.626269124448299408e-02,3.455426389464832937e-09
8.960462188720703125e+01,2.626276761293411255e-02,3.379555524318789139e-09
8.970207977294921875e+01,2.626284584403038025e-02,3.305597129354964636e-09
8.981578063964843750e+01,2.626331150531768799e-02,3.221027000677167962e-09
8.991323852539062500e+01,2.626343816518783569e-02,3.150024907583315326e-09
9.001069641113281250e+01,2.626354061067104340e-02,3.080779631403629537e-09
9.010815429687500000e+01,2.626363374292850494e-02,3.013091331993678068e-09
9.020561218261718750e+01,2.626372128725051880e-02,2.946904054113019811e-09
9.030307006835937500e+01,2.626382559537887573e-02,2.882495797607020904e-09
9.040052795410156250e+01,2.626392431557178497e-02,2.819260380704236013e-09
9.051422882080078125e+01,2.626375667750835419e-02,2.746809446563247548e-09
9.061168670654296875e+01,2.626383490860462189e-02,2.686087130499004161e-09
9.070914459228515625e+01,2.626393735408782959e-02,2.626902695368471541e-09
9.080660247802734375e+01,2.626404911279678345e-02,2.568868007202240733e-09
9.090406036376953125e+01,2.626413851976394653e-02,2.511858498976948795e-09
9.100151824951171875e+01,2.626423165202140808e-02,2.456324255106778764e-09
9.111521911621093750e+01,2.626463957130908966e-02,2.393399478606283992e-09
9.121267700195312500e+01,2.626474015414714813e-02,2.340805105305321376e-09
9.131013488769531250e+01,2.626483142375946045e-02,2.288806699723977545e-09
9.140759277343750000e+01,2.626492455601692200e-02,2.238247809316362691e-09
9.150505065917968750e+01,2.626500092446804047e-02,2.188749403941869787e-09
9.160250854492187500e+01,2.626508660614490509e-02,2.140656318871947406e-09
9.171620941162109375e+01,2.626488357782363892e-02,2.086184336391738725e-09
9.181366729736328125e+01,2.626499347388744354e-02,2.041115498840895270e-09
9.191112518310546875e+01,2.626508846879005432e-02,1.996537823956145985e-09
9.200858306884765625e+01,2.626517415046691895e-02,1.953033290646999376e-09
9.210604095458984375e+01,2.626526914536952972e-02,1.910353653045149258e-09
9.220349884033203125e+01,2.626535668969154358e-02,1.868460275389338676e-09
9.230095672607421875e+01,2.626544982194900513e-02,1.827496487472046738e-09
9.241465759277343750e+01,2.626577392220497131e-02,1.780251723815240439e-09
9.251211547851562500e+01,2.626586146652698517e-02,1.740420585427671085e-09
9.260957336425781250e+01,2.626594156026840210e-02,1.701279561672208729e-09
9.270703125000000000e+01,2.626598440110683441e-02,1.663516435712608654e-09
9.280448913574218750e+01,2.626604959368705750e-02,1.626773160623429249e-09
9.290194702148437500e+01,2.626611664891242981e-02,1.591330511807598214e-09
9.301564788818359375e+01,2.626606449484825134e-02,1.551060169191487148e-09
9.311310577392578125e+01,2.626612782478332520e-02,1.517855841015602891e-09
9.321056365966796875e+01,2.626619674265384674e-02,1.485539136147906447e-09
9.330802154541015625e+01,2.626623958349227905e-02,1.453937858997278454e-09
9.340547943115234375e+01,2.626630291342735291e-02,1.423026474434152533e-09
9.350293731689453125e+01,2.626639418303966522e-02,1.393059556598075233e-09
9.360039520263671875e+01,2.626643143594264984e-02,1.362931878468032210e-09
9.371409606933593750e+01,2.626671083271503448e-02,1.328714360759875035e-09
9.381155395507812500e+01,2.626677416265010834e-02,1.299750751471151489e-09
9.390901184082031250e+01,2.626686915755271912e-02,1.271348248899073496e-09
9.400646972656250000e+01,2.626693993806838989e-02,1.243499858638585920e-09
9.410392761230468750e+01,2.626697346568107605e-02,1.216209688514879872e-09
9.420138549804687500e+01,2.626706287264823914e-02,1.189426113157310283e-09
9.431508636474609375e+01,2.626692876219749451e-02,1.158783957677655962e-09
9.441254425048828125e+01,2.626695856451988220e-02,1.133299232236595344e-09
9.451000213623046875e+01,2.626700140535831451e-02,1.108751868095225745e-09
9.460746002197265625e+01,2.626706473529338837e-02,1.084739520429423010e-09
9.470491790771484375e+01,2.626712620258331299e-02,1.061687182613013647e-09
9.480237579345703125e+01,2.626719139516353607e-02,1.039416996917452707e-09
9.491607666015625000e+01,2.626749314367771149e-02,1.014264672249964860e-09
9.501353454589843750e+01,2.626755274832248688e-02,9.930694044868459969e-10
9.511099243164062500e+01,2.626760490238666534e-02,9.728002847708694389e-10
9.520845031738281250e+01,2.626764960587024689e-02,9.528727806795700417e-10
9.530590820312500000e+01,2.626770548522472382e-02,9.336957873529172502e-10
9.540336608886718750e+01,2.626775763928890228e-02,9.150729618490061057e-10
9.550082397460937500e+01,2.626782283186912537e-02,8.966673514798628730e-10
9.561452484130859375e+01,2.626757510006427765e-02,8.753697211538735701e-10
9.571198272705078125e+01,2.626762166619300842e-02,8.576594989762043042e-10
9.580944061279296875e+01,2.626767754554748535e-02,8.402047946276525181e-10
9.590689849853515625e+01,2.626772969961166382e-02,8.231546555492741390e-10
9.600435638427734375e+01,2.626775763928890228e-02,8.054875655361115605e-10
9.610181427001953125e+01,2.626777440309524536e-02,7.884923269863008954e-10
9.621551513671875000e+01,2.626826986670494080e-02,7.685969083404131652e-10
9.631297302246093750e+01,2.626831270754337311e-02,7.515303934724215651e-10
9.641043090820312500e+01,2.626837231218814850e-02,7.349008623869224266e-10
9.650788879394531250e+01,2.626841515302658081e-02,7.185632644457484730e-10
9.660534667968750000e+01,2.626844681799411774e-02,7.027145532134682071e-10
9.670280456542968750e+01,2.626847848296165466e-02,6.873939750740021282e-10
9.680026245117187500e+01,2.626854740083217621e-02,6.726100232334886186e-10
9.691396331787109375e+01,2.626814879477024078e-02,6.556764575726958810e-10
9.701142120361328125e+01,2.626821398735046387e-02,6.420805553908337515e-10
9.710887908935546875e+01,2.626826986670494080e-02,6.285134079853094136e-10
9.720633697509765625e+01,2.626830525696277618e-02,6.159987520071297240e-10
9.730379486083984375e+01,2.626835182309150696e-02,6.037029764982548841e-10
9.740125274658203125e+01,2.626838535070419312e-02,5.917727974313891082e-10
9.751495361328125000e+01,2.626884728670120239e-02,5.782324064007582365e-10
9.761241149902343750e+01,2.626888081431388855e-02,5.672554648228356200e-10
9.770986938476562500e+01,2.626892551779747009e-02,5.567175054288497904e-10
9.780732727050781250e+01,2.626895904541015625e-02,5.459688257047901061e-10
9.790478515625000000e+01,2.626901678740978241e-02,5.355171306398176512e-10
9.800224304199218750e+01,2.626902796328067780e-02,5.254854884562121242e-10
9.811594390869140625e+01,2.626869454979896545e-02,5.140250447510652521e-10
9.821340179443359375e+01,2.626872994005680084e-02,5.044722972691317864e-10
9.831085968017578125e+01,2.626875415444374084e-02,4.951297705169110941e-10
9.840831756591796875e+01,2.626876905560493469e-02,4.859508906385201499e-10
9.850577545166015625e+01,2.626879326999187469e-02,4.767674033345770113e-10
9.860323333740234375e+01,2.626885101199150085e-02,4.678065712582224478e-10
9.870069122314453125e+01,2.626888453960418701e-02,4.588944502170733131e-10
9.881439208984375000e+01,2.626933157444000244e-02,4.487041571632488512e-10
9.891184997558593750e+01,2.626936882734298706e-02,4.399170194790968935e-10
9.900930786132812500e+01,2.626939117908477783e-02,4.311805634760190742e-10
9.910676574707031250e+01,2.626942843198776245e-02,4.224907090843998958e-10
9.920422363281250000e+01,2.626945078372955322e-02,4.137509501678238166e-10
9.930168151855468750e+01,2.626948803663253784e-02,4.050773327879397812e-10
9.941538238525390625e+01,2.626909315586090088e-02,3.948647242513203537e-10
9.951284027099609375e+01,2.626913040876388550e-02,3.864150110999275967e-10
9.961029815673828125e+01,2.626915648579597473e-02,3.779614399235242672e-10
9.970775604248046875e+01,2.626919187605381012e-02,3.696075945303078925e-10
9.980521392822265625e+01,2.626921609044075012e-02,3.613831733861871953e-10
9.990267181396484375e+01,2.626925148069858551e-02,3.532147352380832217e-10
